8172 , 6.58
8167 , 69.28
8166 , 25.35
8159 , 116.49
8156 , 237.50
8155 , 17.31
8154 , 31.24
8153 , 30.59
8151 , 64.60
8150 , 44.23
8140 , 2.46
8118 , 509.00
8110 , 136.03
8109 , 315.06
8106 , 0.59
8104 , 93.82
8095 , 18.46
8091 , 26.04
8082 , 46.77
8066 , 20.83
8049 , 17.00
8047 , 52.04
8043 , 0.25
8037 , 74.80
8035 , 1550.22
8034 , 20.93
8027 , 255.32
8026 , 786.17
8017 , 822.50
8012 , 33.90
8011 , 18.91
8006 , 2.80
8005 , 2.14
7994 , 140.18
7993 , 5.78
7992 , 4.86
7989 , 173.35
7987 , 15.03
7985 , 1.35
7984 , 2.09
7982 , 3.23
7980 , 0.11
7967 , 0.36
7966 , 1185.22
7957 , 1.40
7955 , 1.95
7953 , 78.72
7944 , 99.88
7941 , 48.37
7940 , 2.03
7935 , 0.14
7928 , 25.33
7911 , 0.28
7910 , 11.43
7908 , 21.25
7905 , 2.45
7901 , 942.43
7899 , 39.25
7895 , 793.57
7889 , 4.13
7865 , 396.01
7863 , 1315.49
7861 , 1347.46
7857 , 8.40
7848 , 449.71
7844 , 0.27
7841 , 18.51
7840 , 1274.15
7835 , 186.46
7833 , 27.07
7832 , 10.83
7831 , 335.98
7826 , 15.30
7825 , 23.38
7820 , 2255.23
7815 , 74.76
7801 , 505.42
7799 , 2350.66
7791 , 221.95
7788 , 243.36
7786 , 47.47
7770 , 2.64
7767 , 3600.25
7765 , 4.37
7763 , 104.36
7762 , 251.76
7757 , 4.32
7756 , 133.50
7755 , 861.66
7754 , 153.14
7746 , 83.11
7730 , 12.51
7728 , 22.80
7726 , 1471.69
7724 , 0.78
7721 , 13.78
7715 , 8.64
7712 , 48.44
7707 , 120.29
7706 , 0.24
7701 , 1329.72
7700 , 166.13
7697 , 2662.03
7692 , 8.11
7689 , 0.48
7685 , 20.36
7684 , 21.53
7683 , 149.61
7682 , 29.45
7680 , 2590.31
7671 , 127.16
7669 , 2.75
7668 , 29.65
7666 , 1.13
7663 , 196.24
7661 , 0.25
7659 , 1214.64
7654 , 4.12
7652 , 15.18
7651 , 716.77
7649 , 24.49
7647 , 125.20
7645 , 360.92
7641 , 51.52
7640 , 0.26
7637 , 620.28
7635 , 0.30
7633 , 511.41
7630 , 22.64
7628 , 44.60
7618 , 73.92
7617 , 4.73
7616 , 4881.48
7615 , 1486.78
7612 , 114.77
7605 , 22.94
7603 , 1376.52
7596 , 35.43
7594 , 2775.06
7591 , 83.30
7588 , 3.42
7583 , 13.55
7581 , 2.31
7578 , 0.75
7566 , 8.18
7565 , 33.67
7564 , 0.22
7561 , 1832.89
7557 , 2.11
7555 , 3675.85
7551 , 141.76
7538 , 12.94
7535 , 1.19
7530 , 735.87
7529 , 1201.78
7528 , 2094.10
7525 , 1.61
7524 , 4.16
7521 , 17.24
7519 , 4.99
7517 , 1050.66
7514 , 0.05
7513 , 0.51
7508 , 1910.21
7506 , 51.28
7505 , 5862.78
7503 , 188.95
7502 , 0.30
7501 , 0.89
7498 , 22.18
7497 , 2.80
7496 , 4163.82
7495 , 0.83
7493 , 15.37
7492 , 16.93
7491 , 23.10
7489 , 3.19
7481 , 56.76
7479 , 1.25
7477 , 3.77
7476 , 7.09
7473 , 1663.77
7470 , 0.89
7469 , 12.22
7467 , 4240.93
7463 , 26.05
7456 , 0.28
7455 , 0.14
7454 , 2.08
7449 , 1.45
7446 , 39.18
7442 , 0.15
7441 , 0.12
7437 , 14.20
7434 , 102.57
7433 , 3.38
7421 , 3145.97
7415 , 34.21
7414 , 6.66
7413 , 0.18
7411 , 5544.20
7410 , 310.21
7409 , 0.31
7408 , 508.43
7407 , 175.45
7406 , 48.24
7398 , 0.03
7396 , 45.39
7393 , 0.05
7389 , 143.95
7388 , 117.19
7385 , 252.15
7380 , 16.26
7378 , 0.75
7375 , 3.67
7374 , 14.55
7365 , 7.76
7359 , 242.29
7357 , 344.82
7355 , 70.67
7354 , 222.39
7351 , 23.06
7350 , 700.23
7347 , 4396.65
7344 , 494.11
7343 , 504.32
7341 , 3355.22
7340 , 0.16
7338 , 6.30
7337 , 6986.68
7331 , 540.65
7330 , 1.65
7328 , 0.32
7326 , 2186.67
7325 , 18.95
7324 , 5.63
7323 , 13.60
7322 , 2202.03
7320 , 2308.34
7319 , 1009.74
7318 , 25.62
7315 , 82.45
7313 , 97.75
7312 , 0.40
7311 , 608.08
7309 , 167.55
7306 , 1723.35
7305 , 35.85
7304 , 7225.75
7301 , 262.87
7299 , 188.89
7297 , 1781.23
7294 , 0.33
7292 , 0.04
7288 , 1897.11
7287 , 55.43
7284 , 1900.83
7283 , 491.69
7273 , 134.90
7272 , 1451.54
7270 , 127.23
7267 , 0.01
7266 , 47.94
7264 , 0.78
7263 , 4031.08
7256 , 443.70
7254 , 4088.81
7253 , 7640.34
7251 , 28.86
7249 , 40.86
7247 , 3555.15
7246 , 3557.57
7242 , 7728.66
7239 , 4185.92
7238 , 1398.82
7237 , 1378.03
7236 , 1.65
7235 , 7789.08
7232 , 839.78
7226 , 1545.44
7223 , 27.61
7220 , 2.10
7219 , 21.50
7218 , 4.46
7216 , 66.30
7210 , 7972.02
7209 , 50.09
7208 , 7.38
7207 , 92.78
7205 , 45.76
7201 , 688.91
7199 , 74.76
7191 , 0.40
7190 , 42.98
7188 , 1860.62
7186 , 6.30
7183 , 16.46
7182 , 4702.56
7180 , 1301.95
7178 , 4713.12
7177 , 271.84
7176 , 0.52
7175 , 1995.45
7174 , 118.79
7173 , 24.53
7172 , 0.34
7170 , 2006.69
7169 , 3.75
7168 , 16.02
7164 , 8318.68
7163 , 36.54
7162 , 17.57
7159 , 28.53
7158 , 5.69
7157 , 30.98
7156 , 74.00
7154 , 43.12
7153 , 14.29
7151 , 4540.19
7145 , 69.88
7141 , 6.67
7140 , 576.58
7138 , 2117.64
7136 , 924.06
7135 , 58.81
7134 , 47.13
7133 , 0.01
7132 , 844.09
7131 , 8594.53
7130 , 17.32
7125 , 9.09
7124 , 6.70
7123 , 3673.20
7121 , 5088.33
7120 , 2288.61
7119 , 2.72
7117 , 7.64
7115 , 46.11
7114 , 195.31
7113 , 2314.18
7109 , 36.88
7108 , 249.22
7107 , 20.03
7106 , 8.26
7102 , 5.78
7099 , 146.07
7096 , 2.24
7095 , 485.45
7094 , 2417.60
7093 , 1867.01
7091 , 8736.99
7090 , 55.09
7088 , 3252.95
7087 , 5206.06
7085 , 20.01
7084 , 21.11
7072 , 7.55
7070 , 3984.30
7055 , 53.80
7052 , 70.12
7048 , 2557.13
7046 , 1495.12
7045 , 6.78
7044 , 3375.35
7042 , 84.67
7041 , 5031.09
7013 , 89.69
7008 , 6293.29
7007 , 22.98
7004 , 3.18
7001 , 1567.45
6999 , 5468.16
6995 , 3144.65
6994 , 67.30
6993 , 5533.91
6992 , 94.08
6991 , 0.01
6990 , 5544.14
6989 , 4.90
6988 , 3.80
6987 , 6.28
6986 , 21.12
6985 , 26.90
6984 , 30.68
6983 , 34.30
6981 , 19.66
6979 , 8.04
6976 , 3628.50
6974 , 9176.60
6967 , 172.89
6965 , 1.56
6962 , 6.91
6960 , 9.19
6957 , 6.04
6955 , 3791.06
6954 , 24.87
6953 , 31.05
6951 , 2.32
6950 , 5836.81
6949 , 4197.47
6946 , 159.45
6943 , 140.00
6941 , 22.24
6939 , 5920.23
6938 , 8090.61
6937 , 33.11
6936 , 1.61
6933 , 2.55
6932 , 8917.46
6931 , 3793.82
6930 , 189.29
6929 , 4.18
6928 , 22.83
6926 , 32.45
6924 , 120.48
6921 , 6.15
6920 , 4013.11
6919 , 4039.44
6917 , 442.55
6916 , 6052.68
6915 , 24.13
6911 , 20.02
6910 , 17.15
6909 , 541.66
6907 , 33.55
6902 , 0.70
6901 , 1778.35
6900 , 351.80
6898 , 28.67
6896 , 4517.25
6886 , 3630.16
6882 , 116.04
6880 , 12.34
6875 , 6503.61
6872 , 5.59
6871 , 9863.47
6868 , 339.67
6866 , 8.44
6865 , 0.06
6861 , 3526.24
6860 , 0.13
6859 , 2329.58
6855 , 8306.28
6852 , 3851.33
6850 , 11.56
6845 , 4.84
6841 , 4456.67
6840 , 70.72
6838 , 16.86
6836 , 7.35
6831 , 17.82
6828 , 94.49
6826 , 7344.01
6824 , 139.50
6821 , 168.38
6819 , 2.63
6818 , 203.75
6815 , 3.83
6814 , 174.82
6813 , 6571.56
6812 , 4.56
6811 , 6550.50
6810 , 42.17
6809 , 7338.38
6808 , 9418.19
6804 , 204.36
6803 , 0.03
6800 , 5845.81
6798 , 23.10
6795 , 5045.17
6794 , 264.99
6793 , 0.31
6789 , 21.42
6788 , 0.17
6787 , 3.28
6786 , 23.55
6783 , 16.27
6778 , 8091.52
6769 , 0.14
6768 , 0.21
6764 , 82.92
6763 , 0.18
6758 , 356.40
6757 , 8645.46
6756 , 71.41
6753 , 4886.96
6752 , 143.30
6751 , 10433.33
6749 , 4903.15
6748 , 21.04
6747 , 8309.01
6746 , 5262.08
6745 , 4174.33
6744 , 7497.48
6737 , 14.46
6736 , 17.83
6731 , 5831.91
6730 , 24.11
6722 , 5053.67
6715 , 10621.34
6700 , 15.59
6699 , 734.21
6698 , 4644.55
6697 , 5145.68
6696 , 5152.22
6695 , 5267.98
6693 , 6314.70
6692 , 165.97
6691 , 333.08
6690 , 6030.64
6688 , 5212.38
6687 , 22.72
6686 , 3.41
6682 , 0.81
6681 , 5090.29
6672 , 7271.72
6671 , 5949.16
6669 , 7388.96
6662 , 9221.42
6656 , 9189.40
6655 , 1.56
6654 , 18.83
6653 , 6542.92
6652 , 176.11
6648 , 8612.57
6646 , 602.90
6642 , 3866.50
6637 , 0.26
6634 , 0.37
6631 , 10508.96
6625 , 5489.79
6618 , 0.31
6616 , 11.47
6608 , 1.30
6606 , 10331.58
6602 , 4691.94
6599 , 6025.12
6596 , 26.38
6590 , 6221.16
6583 , 836.60
6581 , 246.42
6578 , 9731.52
6577 , 5824.01
6574 , 4968.11
6572 , 115.71
6571 , 0.40
6564 , 16.50
6562 , 1388.09
6559 , 10.22
6556 , 2.48
6554 , 64.45
6553 , 74.49
6549 , 11589.92
6547 , 142.47
6544 , 8611.78
6541 , 1.18
6539 , 8631.75
6537 , 168.92
6532 , 5226.75
6531 , 161.77
6524 , 0.10
6523 , 2.82
6521 , 5.71
6520 , 27.05
6519 , 3.44
6518 , 5.20
6517 , 327.64
6516 , 8.96
6507 , 1306.59
6505 , 5420.46
6500 , 43.04
6498 , 11808.79
6496 , 174.34
6495 , 7452.98
6493 , 8332.38
6491 , 11831.92
6490 , 8830.81
6487 , 1.33
6481 , 303.31
6480 , 10322.58
6478 , 131.62
6472 , 0.24
6470 , 1634.56
6468 , 7728.23
6457 , 4143.86
6430 , 78.51
6428 , 1735.38
6419 , 12.40
6413 , 5.71
6411 , 0.58
6410 , 11.67
6408 , 9816.36
6405 , 62.72
6404 , 0.34
6403 , 68.08
6400 , 10654.35
6397 , 77.55
6394 , 0.01
6389 , 0.25
6386 , 185.50
6383 , 8926.18
6376 , 121.42
6373 , 2373.10
6372 , 4982.59
6370 , 9356.07
6368 , 9360.82
6365 , 316.58
6359 , 312.03
6357 , 12434.98
6354 , 6007.83
6352 , 5.44
6351 , 10.93
6350 , 23.69
6348 , 29.03
6346 , 2503.16
6345 , 541.89
6343 , 18.02
6342 , 12511.75
6341 , 15.22
6340 , 11.36
6338 , 815.99
6331 , 25.43
6329 , 7015.05
6328 , 9.86
6325 , 55.48
6322 , 32.09
6319 , 17.59
6318 , 8329.14
6317 , 92.48
6313 , 45.43
6312 , 6252.19
6308 , 10052.41
6306 , 11041.87
6305 , 139.30
6302 , 7160.89
6300 , 156.37
6296 , 0.28
6295 , 69.93
6292 , 99.13
6285 , 11.03
6284 , 4316.53
6281 , 144.63
6278 , 150.49
6277 , 25.45
6273 , 0.18
6271 , 296.09
6270 , 2.60
6269 , 4.49
6268 , 0.19
6264 , 194.76
6263 , 306.02
6262 , 528.13
6258 , 0.00
6257 , 383.94
6255 , 0.00
6250 , 15.68
6248 , 6.37
6246 , 0.06
6245 , 1504.16
6243 , 6568.55
6237 , 10028.36
6228 , 36.32
6227 , 5.71
6224 , 132.00
6210 , 119.65
6209 , 45.87
6208 , 142.60
6204 , 8813.85
6201 , 4.66
6200 , 22.30
6196 , 2.74
6195 , 21.39
6191 , 24.40
6189 , 182.58
6187 , 0.04
6186 , 3.83
6184 , 0.65
6183 , 9.89
6182 , 28.56
6178 , 9707.34
6175 , 16.92
6173 , 290.12
6172 , 80.09
6171 , 5878.70
6166 , 0.11
6165 , 7778.86
6164 , 2850.93
6161 , 2952.05
6160 , 41.98
6159 , 21.22
6157 , 9051.09
6154 , 70.28
6153 , 149.23
6152 , 6940.96
6150 , 384.17
6148 , 95.76
6144 , 12.61
6142 , 13.75
6141 , 1.25
6138 , 1.09
6136 , 0.39
6135 , 196.72
6133 , 2338.73
6131 , 7941.57
6128 , 0.22
6125 , 61.47
6116 , 1.59
6115 , 7295.37
6112 , 3276.35
6109 , 0.31
6108 , 13617.62
6107 , 8084.92
6105 , 0.91
6103 , 5814.85
6102 , 0.15
6096 , 158.01
6094 , 1.79
6093 , 24.55
6089 , 7260.23
6088 , 0.74
6087 , 28.11
6083 , 10128.26
6077 , 4.06
6074 , 1078.45
6073 , 1.75
6069 , 7361.76
6066 , 76.10
6065 , 1605.96
6063 , 5.47
6061 , 193.26
6058 , 5.08
6055 , 6.99
6054 , 2.38
6053 , 1.97
6050 , 35.65
6049 , 7928.60
6045 , 7.97
6038 , 0.63
6037 , 4.45
6035 , 18.85
6034 , 9542.39
6033 , 18.40
6032 , 2.63
6028 , 0.92
6027 , 815.25
6025 , 4959.43
6024 , 1832.59
6023 , 24.37
6020 , 5.26
6018 , 64.68
6015 , 22.21
6014 , 1450.90
6013 , 632.79
6012 , 8711.36
6011 , 0.92
6010 , 1.59
6009 , 1.95
6005 , 1460.50
6001 , 7949.12
5997 , 5.28
5994 , 21.82
5990 , 0.51
5989 , 0.03
5987 , 116.78
5985 , 2.61
5983 , 8556.29
5982 , 8.14
5981 , 112.79
5980 , 5399.49
5976 , 0.59
5971 , 6.29
5969 , 5.75
5968 , 5.23
5964 , 31.71
5963 , 80.31
5956 , 3234.82
5955 , 0.03
5953 , 0.18
5952 , 8742.18
5951 , 14.61
5950 , 0.60
5949 , 923.67
5947 , 0.05
5945 , 13.73
5941 , 118.01
5939 , 2540.25
5937 , 0.05
5936 , 9019.82
5933 , 1113.22
5932 , 182.27
5931 , 30.74
5926 , 15.15
5924 , 18.41
5923 , 5.38
5918 , 3.13
5914 , 3342.61
5912 , 786.04
5909 , 8727.69
5907 , 229.80
5905 , 9947.93
5902 , 1182.08
5900 , 1266.10
5899 , 1264.02
5898 , 8541.05
5897 , 10115.78
5891 , 249.37
5889 , 1216.07
5884 , 8983.50
5881 , 29.97
5877 , 0.41
5870 , 2910.97
5869 , 0.95
5867 , 336.27
5865 , 11611.81
5861 , 159.99
5860 , 2.85
5855 , 1.61
5854 , 19.42
5853 , 12248.66
5849 , 1422.44
5845 , 338.68
5835 , 88.35
5832 , 0.08
5828 , 8591.46
5827 , 3.98
5826 , 68.28
5825 , 9109.47
5824 , 2290.60
5819 , 94.70
5816 , 1633.04
5814 , 0.10
5813 , 583.53
5812 , 348.39
5810 , 8887.28
5809 , 631.78
5804 , 12075.78
5803 , 3.10
5799 , 0.27
5798 , 8543.71
5797 , 92.90
5796 , 10.36
5793 , 14917.88
5790 , 126.45
5789 , 22.41
5787 , 721.74
5786 , 13994.67
5778 , 309.42
5776 , 2026.50
5775 , 7.66
5766 , 2596.41
5762 , 870.00
5758 , 75.44
5754 , 7.72
5745 , 12725.77
5744 , 5.92
5743 , 0.22
5742 , 0.41
5739 , 336.46
5738 , 8.10
5733 , 381.33
5732 , 0.72
5721 , 975.93
5718 , 10958.11
5716 , 71.48
5711 , 1068.79
5710 , 16.65
5709 , 1105.85
5708 , 9910.68
5697 , 12367.78
5696 , 2761.19
5693 , 1178.92
5688 , 1227.38
5682 , 2.41
5679 , 13881.51
5677 , 6.43
5676 , 0.39
5672 , 37.02
5671 , 11805.26
5669 , 1291.88
5668 , 1739.42
5664 , 0.39
5662 , 2.18
5658 , 10046.26
5655 , 1973.90
5654 , 9407.38
5650 , 2978.58
5648 , 11311.24
5647 , 10314.94
5646 , 1.44
5645 , 10115.11
5643 , 1432.63
5637 , 1451.08
5636 , 0.18
5627 , 11.35
5624 , 0.06
5621 , 2591.87
5620 , 95.43
5615 , 4.71
5613 , 12264.21
5612 , 322.00
5611 , 151.18
5609 , 2.66
5605 , 2470.49
5601 , 0.11
5600 , 12534.36
5596 , 0.51
5594 , 962.06
5592 , 242.35
5590 , 49.37
5589 , 175.11
5587 , 1.72
5586 , 271.92
5585 , 1796.53
5583 , 1931.53
5580 , 2.56
5579 , 10484.81
5573 , 12465.81
5572 , 14.68
5568 , 1837.35
5562 , 93.21
5561 , 1966.52
5558 , 15.66
5557 , 2.06
5553 , 1918.26
5552 , 521.91
5551 , 3071.54
5550 , 273.06
5549 , 20.96
5547 , 210.82
5540 , 25.67
5539 , 8719.56
5537 , 0.42
5536 , 83.31
5534 , 2.79
5533 , 9811.64
5531 , 1559.05
5530 , 1.08
5528 , 21.66
5525 , 46.98
5524 , 49.89
5523 , 31.05
5522 , 2.10
5521 , 34.62
5519 , 10116.76
5517 , 75.43
5516 , 0.15
5514 , 92.05
5513 , 92.52
5512 , 3781.87
5510 , 0.94
5509 , 0.14
5505 , 3.37
5503 , 6.81
5501 , 12.64
5496 , 294.38
5495 , 2168.57
5494 , 2170.83
5492 , 21.20
5487 , 26.43
5486 , 238.69
5483 , 260.05
5482 , 2273.97
5481 , 88.30
5480 , 262.92
5478 , 0.35
5477 , 116.35
5475 , 2299.09
5473 , 287.50
5472 , 16129.33
5470 , 291.20
5466 , 239.28
5465 , 2312.55
5463 , 3057.73
5462 , 0.57
5461 , 14120.77
5458 , 4.63
5457 , 5.70
5455 , 15.01
5450 , 16.46
5447 , 10.10
5445 , 9.02
5444 , 1676.70
5440 , 408.26
5438 , 0.08
5437 , 13812.37
5436 , 369.32
5435 , 2017.25
5432 , 13132.02
5431 , 15.51
5429 , 435.26
5428 , 436.01
5427 , 0.73
5425 , 1.20
5420 , 13002.13
5418 , 0.18
5416 , 54.59
5414 , 0.19
5412 , 10450.15
5411 , 23.47
5410 , 39.93
5405 , 0.59
5403 , 3518.82
5402 , 7.68
5399 , 3531.30
5394 , 4.44
5388 , 11449.27
5385 , 2656.06
5384 , 3.40
5383 , 70.53
5382 , 571.62
5381 , 0.28
5378 , 1.08
5377 , 1.20
5373 , 34.79
5372 , 0.21
5368 , 3.68
5362 , 9.48
5361 , 11.84
5360 , 13475.66
5359 , 20.88
5358 , 43.69
5357 , 2734.44
5355 , 10.30
5354 , 13419.85
5352 , 15044.33
5347 , 58.94
5344 , 0.32
5343 , 11334.03
5339 , 15341.80
5336 , 6.86
5334 , 15191.84
5333 , 0.16
5329 , 14774.58
5325 , 21.88
5323 , 13551.21
5321 , 90.48
5320 , 136.30
5317 , 0.31
5311 , 2904.58
5307 , 0.43
5304 , 25.28
5302 , 2920.14
5296 , 13325.94
5290 , 0.24
5287 , 20.65
5284 , 41.85
5279 , 13674.39
5274 , 0.68
5272 , 57.34
5271 , 5771.46
5270 , 109.32
5269 , 8521.01
5268 , 0.73
5263 , 4.35
5261 , 217.09
5257 , 1.05
5254 , 1.00
5253 , 17318.45
5252 , 0.17
5246 , 11792.07
5244 , 94.79
5243 , 17334.32
5242 , 11796.41
5241 , 2715.27
5240 , 0.06
5239 , 0.33
5238 , 19.56
5237 , 121.99
5232 , 670.09
5231 , 3.29
5229 , 7.17
5228 , 4099.32
5227 , 104.29
5226 , 0.01
5225 , 13.44
5224 , 6339.00
5221 , 13841.66
5215 , 0.29
5214 , 1880.44
5213 , 4900.00
5212 , 300.07
5211 , 13896.55
5209 , 0.15
5207 , 1.37
5206 , 768.65
5205 , 25.56
5194 , 783.05
5192 , 315.19
5191 , 4953.98
5187 , 117.24
5185 , 5815.13
5184 , 1258.18
5182 , 15825.98
5181 , 11994.08
5179 , 13981.15
5177 , 839.38
5175 , 12013.85
5174 , 182.27
5169 , 11365.61
5165 , 6090.25
5159 , 11403.84
5154 , 17640.68
5151 , 11462.73
5147 , 3419.29
5140 , 0.11
5139 , 6017.27
5137 , 2063.30
5136 , 18.78
5135 , 89.31
5133 , 115.56
5128 , 4413.23
5125 , 493.31
5124 , 3462.89
5123 , 5.70
5122 , 0.03
5120 , 2.75
5116 , 423.43
5114 , 0.08
5113 , 14207.96
5112 , 41.56
5109 , 13.86
5108 , 44.54
5105 , 503.18
5104 , 5307.73
5103 , 96.67
5100 , 860.91
5088 , 4513.19
5086 , 2.56
5085 , 18.65
5079 , 4538.98
5078 , 17839.14
5076 , 4540.54
5072 , 3.70
5071 , 646.64
5069 , 3631.90
5065 , 1.01
5054 , 2821.36
5053 , 3704.12
5051 , 14126.88
5047 , 33.49
5046 , 0.42
5045 , 334.06
5041 , 191.34
5040 , 0.30
5039 , 2.59
5038 , 5.61
5035 , 5531.64
5033 , 7851.46
5032 , 0.90
5031 , 15446.19
5030 , 0.14
5028 , 16181.21
5026 , 2.54
5025 , 27.13
5024 , 15032.11
5020 , 12633.23
5016 , 14509.58
5014 , 16221.73
5013 , 0.74
5011 , 1.10
5009 , 3319.06
5008 , 2526.97
5006 , 14202.67
4999 , 11851.92
4996 , 30.03
4995 , 13.17
4994 , 16313.23
4992 , 3915.26
4991 , 3924.80
4988 , 0.77
4987 , 16326.08
4986 , 3.73
4985 , 137.57
4981 , 3946.70
4980 , 18198.94
4978 , 11.03
4976 , 26.41
4972 , 12529.06
4971 , 2.59
4970 , 27.70
4969 , 16.34
4967 , 81.97
4965 , 14678.43
4964 , 2.67
4963 , 4.43
4959 , 16409.58
4954 , 12879.68
4949 , 87.42
4946 , 5.62
4944 , 1446.18
4942 , 7164.84
4939 , 12647.99
4935 , 4.37
4934 , 0.50
4933 , 0.88
4929 , 9.84
4926 , 10641.19
4921 , 12949.22
4918 , 35.64
4914 , 24.56
4909 , 12724.76
4904 , 12983.53
4901 , 8.04
4900 , 50.45
4898 , 52.56
4897 , 44.25
4895 , 0.08
4893 , 1148.06
4892 , 0.03
4891 , 4232.28
4884 , 6.64
4883 , 0.22
4882 , 12.90
4881 , 5.79
4878 , 6.23
4877 , 692.55
4876 , 820.34
4871 , 2993.28
4870 , 4.83
4868 , 14971.55
4865 , 25.39
4861 , 13158.99
4860 , 22.39
4855 , 3973.98
4852 , 266.45
4851 , 15019.24
4849 , 15019.32
4848 , 2882.82
4847 , 4337.05
4845 , 3.39
4844 , 3.75
4842 , 24.74
4841 , 12095.35
4836 , 4417.06
4831 , 0.35
4829 , 4.32
4828 , 5.58
4826 , 7.89
4823 , 18748.53
4817 , 5398.40
4816 , 18760.62
4814 , 17.54
4812 , 1199.77
4811 , 24.86
4808 , 957.81
4805 , 0.20
4803 , 6893.31
4801 , 18.31
4799 , 25.16
4798 , 10954.06
4793 , 3229.77
4789 , 2583.71
4784 , 1.23
4783 , 13.78
4780 , 12400.64
4767 , 1.51
4766 , 3099.44
4763 , 3297.88
4761 , 1.75
4757 , 0.41
4755 , 10.99
4754 , 23.29
4752 , 16008.92
4751 , 9572.69
4740 , 8.82
4737 , 8.13
4734 , 2.40
4733 , 240.21
4732 , 12362.75
4731 , 1.30
4726 , 12550.94
4724 , 13.42
4723 , 5762.86
4720 , 1.95
4718 , 5.82
4717 , 75.19
4716 , 12607.28
4715 , 327.98
4712 , 15433.66
4709 , 1006.81
4708 , 277.13
4707 , 54.73
4705 , 17157.06
4703 , 1.22
4701 , 17161.99
4700 , 338.15
4692 , 8400.32
4690 , 650.31
4686 , 139.03
4682 , 19058.29
4681 , 2.70
4679 , 16063.96
4677 , 3.36
4676 , 1.57
4673 , 5632.08
4672 , 8454.58
4669 , 698.83
4665 , 1435.47
4663 , 723.79
4662 , 176.56
4661 , 7.28
4659 , 4873.81
4658 , 631.07
4657 , 36.25
4655 , 15429.18
4650 , 99.36
4649 , 18763.90
4648 , 79.64
4644 , 13621.26
4643 , 90.75
4641 , 18843.77
4640 , 0.79
4637 , 3315.26
4634 , 16881.41
4633 , 220.94
4629 , 419.35
4628 , 23.32
4626 , 25.81
4625 , 144.58
4623 , 12793.24
4620 , 0.16
4618 , 0.10
4617 , 266.09
4614 , 12996.08
4613 , 9.29
4612 , 14.22
4607 , 338.39
4605 , 0.35
4603 , 0.08
4600 , 36.22
4599 , 43.49
4598 , 1.97
4592 , 12039.46
4590 , 5023.27
4589 , 0.80
4586 , 563.12
4585 , 56.85
4584 , 7.75
4583 , 110.74
4582 , 4962.30
4581 , 3524.09
4579 , 440.93
4578 , 217.29
4577 , 2231.63
4576 , 1724.94
4575 , 15741.23
4574 , 5.61
4573 , 48.27
4571 , 2426.73
4569 , 15766.85
4567 , 65.42
4562 , 47.21
4561 , 702.03
4558 , 517.53
4557 , 4.84
4553 , 532.07
4550 , 0.32
4548 , 256.37
4546 , 576.54
4543 , 18627.21
4542 , 179.11
4541 , 2.85
4539 , 605.95
4538 , 6222.36
4537 , 615.12
4536 , 610.76
4535 , 3.42
4534 , 612.37
4533 , 612.48
4532 , 88.16
4531 , 47.86
4530 , 399.09
4529 , 10606.57
4522 , 675.73
4520 , 8226.48
4519 , 2.30
4517 , 4.89
4516 , 0.72
4513 , 657.04
4508 , 1156.33
4505 , 3.69
4503 , 679.90
4502 , 0.41
4501 , 684.94
4498 , 8.89
4495 , 713.93
4491 , 716.97
4490 , 717.71
4489 , 726.79
4488 , 0.01
4486 , 745.48
4485 , 753.88
4483 , 0.40
4482 , 778.48
4480 , 780.70
4479 , 2.15
4477 , 799.67
4474 , 1310.49
4473 , 16119.56
4472 , 17324.94
4471 , 17025.18
4470 , 1129.44
4469 , 16119.48
4468 , 10.00
4463 , 168.02
4460 , 30.23
4458 , 0.62
4453 , 167.69
4448 , 14.54
4447 , 26.78
4445 , 21.45
4443 , 58.29
4442 , 6614.56
4438 , 53.00
4437 , 16.27
4436 , 55.04
4435 , 15349.26
4434 , 1.77
4430 , 1135.89
4429 , 2.47
4428 , 2933.31
4425 , 1.24
4424 , 3016.74
4423 , 13671.57
4421 , 0.10
4419 , 11.97
4418 , 14.47
4417 , 16.99
4411 , 0.26
4410 , 0.06
4409 , 3.55
4407 , 3030.49
4405 , 0.95
4403 , 13.46
4400 , 2204.78
4399 , 186.62
4398 , 17650.00
4396 , 0.26
4395 , 0.47
4390 , 1.45
4387 , 39.97
4385 , 20.03
4384 , 6.72
4383 , 142.40
4381 , 1.57
4380 , 99.91
4379 , 0.75
4376 , 13616.04
4375 , 0.82
4370 , 6841.38
4369 , 51.66
4364 , 22.89
4363 , 6857.49
4362 , 5798.92
4359 , 996.79
4356 , 1006.71
4352 , 1.86
4350 , 314.06
4345 , 0.27
4341 , 0.48
4339 , 45.72
4338 , 20153.27
4337 , 1220.09
4336 , 62.00
4332 , 71.34
4330 , 13400.49
4329 , 8078.65
4324 , 542.81
4317 , 4943.15
4316 , 1144.19
4314 , 8138.96
4308 , 659.98
4307 , 17964.61
4306 , 3.47
4305 , 4083.91
4304 , 0.56
4302 , 3.10
4300 , 20.54
4298 , 15814.81
4295 , 41.96
4290 , 0.27
4288 , 2.55
4285 , 8243.14
4284 , 13927.26
4283 , 1403.35
4280 , 7798.81
4277 , 4.92
4275 , 3.93
4274 , 20366.20
4272 , 0.84
4270 , 17933.12
4267 , 3534.06
4265 , 13.18
4263 , 15874.35
4259 , 45.78
4253 , 6221.37
4251 , 20.87
4245 , 3.29
4242 , 383.18
4241 , 6196.88
4237 , 1.38
4236 , 84.90
4234 , 8004.38
4231 , 1834.56
4229 , 117.75
4228 , 3.68
4226 , 24.98
4224 , 0.80
4216 , 4.06
4214 , 18858.30
4213 , 18173.24
4212 , 1513.39
4203 , 0.21
4195 , 20.49
4193 , 9835.71
4190 , 22.21
4189 , 2810.37
4188 , 0.32
4182 , 12209.30
4179 , 10350.55
4172 , 1780.10
4170 , 6467.50
4166 , 1.17
4165 , 17837.88
4160 , 0.13
4157 , 14543.31
4156 , 196.37
4155 , 1682.67
4153 , 0.00
4152 , 223.68
4151 , 0.19
4145 , 6520.69
4144 , 19204.09
4142 , 172.89
4138 , 68.63
4137 , 628.27
4136 , 0.52
4135 , 5.33
4132 , 14.62
4130 , 1833.79
4127 , 864.76
4124 , 15429.55
4122 , 17299.51
4121 , 2.45
4119 , 14469.09
4113 , 679.13
4112 , 22.83
4109 , 13808.83
4106 , 14718.05
4105 , 4.40
4104 , 0.52
4101 , 14830.14
4098 , 0.96
4095 , 17947.35
4092 , 49.93
4089 , 0.15
4083 , 10.93
4082 , 0.73
4077 , 18585.36
4074 , 19182.91
4070 , 7846.05
4067 , 19195.84
4060 , 198.90
4057 , 1432.84
4055 , 4008.13
4052 , 99.20
4051 , 0.27
4046 , 9649.63
4045 , 21137.62
4044 , 14.12
4041 , 4633.08
4040 , 61.57
4039 , 2242.82
4037 , 67.51
4036 , 680.74
4028 , 52.18
4026 , 14.96
4021 , 679.07
4019 , 996.38
4018 , 3.21
4017 , 21.12
4011 , 0.11
4010 , 4.90
4008 , 2301.66
4007 , 16904.61
4003 , 17.58
4002 , 9329.55
3999 , 3.87
3997 , 50.27
3993 , 1.49
3992 , 1977.48
3989 , 14.07
3987 , 18311.48
3982 , 12.30
3981 , 66.91
3980 , 7088.72
3976 , 2423.32
3975 , 3678.28
3973 , 2.52
3971 , 6.89
3970 , 16854.40
3966 , 6375.89
3962 , 1.63
3961 , 2.47
3958 , 12556.15
3957 , 0.38
3956 , 0.36
3954 , 28.96
3949 , 2675.72
3948 , 6.55
3947 , 0.17
3945 , 7182.05
3940 , 17870.55
3939 , 1.00
3936 , 14813.57
3935 , 1.27
3933 , 1633.43
3930 , 1656.77
3928 , 4.90
3927 , 88.66
3924 , 7280.26
3918 , 17991.84
3916 , 44.40
3912 , 18005.64
3909 , 2642.00
3907 , 1.01
3904 , 11.59
3902 , 18050.97
3901 , 0.96
3898 , 19.51
3897 , 18071.85
3894 , 46.60
3891 , 0.05
3890 , 0.91
3880 , 2144.96
3874 , 19763.24
3872 , 33.40
3870 , 2360.52
3869 , 46.60
3867 , 23.20
3866 , 71.04
3863 , 2546.09
3859 , 24.20
3856 , 0.40
3853 , 0.10
3852 , 0.25
3849 , 96.65
3847 , 16.54
3846 , 18740.19
3845 , 14.13
3842 , 7167.54
3841 , 546.20
3839 , 0.09
3838 , 4.22
3836 , 1.84
3832 , 279.04
3831 , 0.39
3827 , 72.45
3824 , 0.39
3823 , 19.46
3822 , 96.80
3821 , 0.46
3816 , 111.29
3812 , 4.94
3809 , 2984.85
3805 , 0.10
3804 , 0.86
3803 , 0.80
3800 , 1.29
3798 , 6389.08
3789 , 66.34
3788 , 0.22
3787 , 3.08
3785 , 2.46
3784 , 12157.32
3783 , 5.75
3782 , 0.27
3781 , 18450.39
3777 , 2.42
3770 , 18361.64
3769 , 1.03
3766 , 38.11
3765 , 1.10
3764 , 0.25
3762 , 2.60
3757 , 14.13
3755 , 16.05
3753 , 0.10
3751 , 29.67
3750 , 0.05
3748 , 41.25
3744 , 47.17
3743 , 608.04
3742 , 1.42
3740 , 45.02
3739 , 60.38
3734 , 75.07
3733 , 18610.87
3730 , 7972.42
3729 , 18467.92
3727 , 3186.97
3720 , 0.67
3718 , 4.96
3716 , 0.15
3715 , 0.07
3713 , 16035.78
3710 , 0.58
3706 , 4383.96
3702 , 7.19
3696 , 0.18
3695 , 0.54
3692 , 0.84
3691 , 21.81
3690 , 19.78
3689 , 29.92
3688 , 34.78
3686 , 62.56
3685 , 3538.28
3684 , 0.19
3681 , 0.10
3678 , 72.99
3677 , 2514.06
3676 , 0.01
3675 , 78.73
3673 , 33.00
3670 , 85.88
3669 , 2.84
3667 , 310.17
3666 , 0.18
3665 , 148.17
3657 , 22.84
3652 , 0.30
3651 , 595.90
3649 , 1700.85
3647 , 25.13
3645 , 193.30
3642 , 0.57
3639 , 21.77
3637 , 29.76
3636 , 33.10
3633 , 6.24
3631 , 63.89
3628 , 1.36
3624 , 0.36
3622 , 0.02
3621 , 483.35
3618 , 0.15
3614 , 46.08
3612 , 303.09
3609 , 21649.42
3608 , 0.60
3606 , 2.69
3601 , 100.68
3600 , 24.47
3597 , 27.01
3592 , 0.10
3591 , 8739.67
3588 , 9.36
3585 , 47.77
3584 , 162.84
3582 , 50.00
3575 , 60.00
3574 , 63.53
3573 , 66.07
3572 , 13.98
3571 , 74.17
3566 , 0.46
3565 , 11228.86
3561 , 12781.32
3560 , 40.76
3559 , 21.63
3554 , 12765.23
3552 , 22.55
3551 , 3858.97
3549 , 910.35
3548 , 3.20
3547 , 16454.94
3546 , 15.08
3543 , 3896.74
3541 , 19236.70
3540 , 3929.84
3538 , 1.41
3535 , 2110.12
3532 , 10.85
3531 , 36.80
3529 , 10.97
3526 , 9657.79
3523 , 26.18
3519 , 0.12
3517 , 1069.79
3516 , 3601.68
3514 , 0.06
3513 , 0.06
3512 , 1.67
3511 , 0.22
3508 , 0.85
3507 , 18594.29
3506 , 32.30
3505 , 12.71
3502 , 56.40
3501 , 49.94
3499 , 4075.85
3489 , 7509.60
3488 , 12.65
3487 , 20.79
3486 , 196.86
3485 , 1.75
3482 , 7.36
3478 , 18.14
3476 , 52.10
3474 , 0.17
3473 , 60.14
3472 , 34.42
3471 , 12.26
3468 , 24.07
3465 , 100.96
3464 , 26.55
3463 , 1359.00
3462 , 483.60
3458 , 0.55
3457 , 15.30
3452 , 0.10
3451 , 1.81
3450 , 18.15
3448 , 624.35
3445 , 0.77
3443 , 379.68
3442 , 0.02
3441 , 20.59
3438 , 60.78
3434 , 12.82
3433 , 132.97
3432 , 134.42
3430 , 18073.91
3428 , 0.02
3425 , 0.24
3424 , 69.53
3423 , 10104.27
3422 , 62.06
3421 , 4301.83
3419 , 5002.53
3416 , 120.38
3409 , 10164.94
3408 , 8760.33
3407 , 4511.81
3399 , 0.70
3398 , 19.94
3397 , 15.78
3394 , 295.57
3390 , 59.95
3389 , 0.17
3388 , 2.83
3386 , 43.52
3385 , 1520.93
3384 , 650.17
3383 , 0.09
3382 , 2883.14
3380 , 17416.93
3379 , 66.22
3378 , 0.46
3377 , 4725.93
3375 , 0.86
3374 , 18843.56
3371 , 26.56
3370 , 12170.87
3368 , 4733.49
3364 , 5329.74
3358 , 0.06
3353 , 4.13
3352 , 75.65
3349 , 4895.88
3348 , 0.84
3346 , 4910.85
3343 , 21.04
3341 , 4940.52
3335 , 0.71
3333 , 21.65
3332 , 0.80
3327 , 0.21
3326 , 20168.82
3325 , 9911.61
3322 , 37.41
3321 , 23.76
3318 , 0.88
3316 , 502.91
3315 , 1876.27
3314 , 20.41
3313 , 9.66
3312 , 10647.83
3310 , 0.06
3309 , 12675.98
3301 , 20964.12
3299 , 4.98
3298 , 10177.84
3295 , 9966.27
3293 , 17796.18
3292 , 19938.88
3291 , 4809.95
3290 , 0.11
3286 , 2175.57
3283 , 3259.06
3281 , 17828.80
3279 , 1.13
3275 , 2.53
3272 , 583.99
3271 , 1167.04
3269 , 1.10
3268 , 22471.67
3264 , 14493.05
3261 , 1.54
3260 , 0.29
3257 , 2.79
3253 , 17927.05
3252 , 2.71
3251 , 5236.38
3250 , 2444.58
3249 , 5794.15
3247 , 6831.35
3245 , 0.64
3243 , 21.43
3242 , 0.79
3241 , 5255.85
3238 , 29.97
3236 , 537.67
3235 , 5780.22
3234 , 66.47
3233 , 2807.33
3232 , 1231.01
3227 , 14225.99
3218 , 0.07
3215 , 2243.52
3208 , 7367.77
3207 , 3.99
3204 , 17951.67
3202 , 44.38
3200 , 983.46
3199 , 19494.43
3195 , 5406.92
3192 , 36.70
3188 , 3092.43
3187 , 1294.81
3185 , 5468.92
3177 , 5716.17
3176 , 8.59
3168 , 132.57
3166 , 0.00
3165 , 6.10
3164 , 10184.40
3159 , 0.05
3158 , 18263.34
3156 , 20913.08
3155 , 0.05
3153 , 5545.52
3152 , 2248.62
3149 , 57.28
3146 , 20980.18
3145 , 45.39
3144 , 0.09
3142 , 5659.80
3141 , 22.37
3138 , 0.37
3135 , 0.05
3134 , 22165.27
3133 , 18390.42
3131 , 183.92
3130 , 20.13
3129 , 21050.07
3126 , 24607.20
3120 , 122.08
3114 , 25.38
3111 , 0.49
3109 , 116.46
3108 , 11424.23
3107 , 1.01
3106 , 5838.36
3105 , 0.22
3100 , 21200.65
3097 , 21218.46
3096 , 21222.14
3093 , 11.41
3092 , 0.57
3091 , 44.28
3090 , 21231.49
3089 , 21230.96
3087 , 7698.12
3086 , 18597.20
3084 , 11657.52
3081 , 7720.50
3080 , 481.72
3078 , 18449.39
3076 , 2376.78
3070 , 471.84
3069 , 1.17
3066 , 21351.24
3065 , 2008.88
3064 , 1.88
3063 , 1.61
3062 , 1.61
3061 , 24911.54
3060 , 5979.10
3059 , 2.97
3058 , 11306.57
3057 , 0.18
3053 , 1037.65
3048 , 10.08
3047 , 69.00
3045 , 310.91
3042 , 18806.09
3041 , 18627.40
3039 , 440.16
3034 , 6106.13
3033 , 6978.29
3032 , 3.46
3028 , 0.31
3027 , 13125.20
3026 , 21346.50
3024 , 6260.29
3017 , 2480.55
3012 , 22661.31
3011 , 0.00
3008 , 6179.79
3004 , 0.22
3003 , 24.58
3002 , 18.74
3001 , 40.92
2999 , 3309.16
2997 , 0.15
2995 , 24.42
2993 , 12.10
2991 , 8.71
2988 , 5.80
2986 , 21521.58
2985 , 0.76
2982 , 1.18
2980 , 4158.69
2979 , 19032.18
2976 , 0.38
2970 , 0.29
2968 , 3187.74
2967 , 19295.08
2966 , 19052.60
2964 , 21705.92
2963 , 3.10
2960 , 11.73
2958 , 16.89
2957 , 21728.53
2955 , 21729.75
2954 , 19080.11
2953 , 1.16
2950 , 0.48
2946 , 2.91
2945 , 9.08
2944 , 8056.00
2943 , 24487.50
2940 , 13.04
2939 , 1867.36
2938 , 2.24
2937 , 19163.88
2936 , 8.94
2935 , 27.80
2933 , 0.94
2931 , 21795.76
2929 , 19191.34
2927 , 33.74
2926 , 6361.80
2919 , 0.09
2916 , 0.10
2913 , 19260.28
2912 , 266.95
2905 , 10988.60
2904 , 6230.01
2898 , 19306.52
2895 , 9.29
2894 , 3.99
2892 , 25542.95
2888 , 17.66
2887 , 0.90
2886 , 21884.31
2885 , 2.68
2883 , 19896.40
2881 , 62.17
2877 , 21910.64
2876 , 8.13
2871 , 6676.93
2870 , 3.69
2869 , 6728.88
2865 , 19428.20
2864 , 4692.10
2862 , 0.17
2858 , 3809.55
2857 , 52.39
2856 , 19977.18
2852 , 70.36
2850 , 11419.55
2848 , 617.85
2847 , 30.15
2846 , 9.66
2845 , 6621.81
2844 , 72.00
2842 , 22022.63
2836 , 1.18
2835 , 6.55
2834 , 19545.16
2832 , 3521.57
2831 , 22055.34
2830 , 19554.13
2829 , 0.79
2827 , 0.24
2826 , 10489.10
2824 , 395.36
2823 , 13977.77
2821 , 19563.72
2820 , 1.44
2819 , 3.22
2816 , 25777.20
2814 , 1.85
2813 , 0.77
2811 , 3441.34
2808 , 19596.25
2805 , 5480.49
2801 , 12797.78
2799 , 1.99
2798 , 7.80
2797 , 21510.89
2794 , 22134.99
2792 , 1.20
2791 , 104.03
2790 , 11671.86
2788 , 22303.46
2787 , 2.26
2786 , 0.04
2784 , 19490.06
2783 , 11688.25
2780 , 0.03
2778 , 1703.02
2776 , 6987.94
2775 , 2.81
2774 , 1841.18
2772 , 22361.81
2770 , 0.29
2769 , 19774.11
2768 , 0.69
2762 , 5.45
2761 , 1609.48
2758 , 0.04
2752 , 0.37
2751 , 25153.10
2750 , 7.00
2747 , 19861.46
2745 , 426.65
2744 , 7269.21
2743 , 19667.55
2741 , 14108.99
2740 , 17.59
2736 , 13.98
2734 , 0.46
2732 , 4.86
2728 , 22422.01
2727 , 553.12
2725 , 0.49
2724 , 240.32
2722 , 0.51
2720 , 1.63
2719 , 46.78
2713 , 0.43
2712 , 19775.34
2711 , 7256.19
2709 , 0.37
2705 , 19796.60
2704 , 0.06
2702 , 11999.81
2701 , 14.70
2699 , 19.76
2698 , 2.08
2695 , 7269.42
2694 , 22.25
2693 , 0.57
2692 , 946.54
2691 , 7352.35
2690 , 0.10
2688 , 14.82
2687 , 22563.72
2684 , 4.45
2679 , 7400.54
2678 , 22595.03
2676 , 17.30
2674 , 9315.21
2673 , 7959.86
2672 , 4.79
2671 , 10.89
2669 , 51.88
2668 , 3.34
2667 , 3.44
2666 , 19971.77
2665 , 20187.20
2663 , 217.31
2661 , 22.40
2660 , 1.72
2659 , 488.91
2656 , 1.37
2654 , 6.77
2652 , 656.74
2649 , 0.18
2648 , 30.22
2647 , 16821.94
2646 , 9152.65
2641 , 234.34
2640 , 94.13
2635 , 20292.16
2634 , 0.04
2630 , 13545.50
2629 , 8.02
2628 , 7665.83
2626 , 4006.18
2623 , 7703.81
2622 , 52.53
2621 , 0.74
2620 , 79.46
2618 , 20535.91
2617 , 2.83
2615 , 194.84
2608 , 7744.16
2606 , 7102.22
2605 , 215.40
2604 , 1393.78
2603 , 7108.88
2602 , 16.39
2599 , 7777.44
2598 , 136.84
2597 , 0.21
2595 , 20306.12
2592 , 3456.86
2590 , 629.55
2589 , 327.46
2588 , 1671.25
2587 , 7218.42
2586 , 7219.23
2585 , 844.64
2584 , 7226.13
2581 , 20.12
2580 , 20581.19
2578 , 7244.37
2576 , 7251.63
2575 , 3.51
2574 , 9.53
2570 , 8425.02
2569 , 7270.36
2566 , 22.76
2565 , 7278.92
2564 , 10.77
2563 , 4982.59
2562 , 0.93
2561 , 46.32
2559 , 0.99
2558 , 1.02
2557 , 7314.64
2555 , 0.03
2554 , 1.07
2550 , 2862.67
2549 , 5450.42
2548 , 4693.91
2545 , 514.37
2543 , 1711.87
2542 , 7375.31
2541 , 7386.04
2539 , 1.33
2538 , 11.97
2537 , 11.46
2536 , 18.02
2534 , 1081.26
2532 , 145.31
2530 , 7413.00
2528 , 20546.10
2527 , 1949.22
2524 , 232.14
2523 , 203.16
2522 , 0.15
2521 , 17.20
2520 , 106.45
2518 , 7519.98
2515 , 0.09
2513 , 7506.71
2510 , 1.07
2509 , 102.61
2508 , 8158.42
2505 , 3.73
2504 , 4.61
2503 , 30.20
2502 , 123.21
2500 , 7536.95
2495 , 63.36
2494 , 7559.32
2492 , 7560.35
2491 , 7566.77
2490 , 7568.70
2487 , 760.95
2484 , 7592.41
2483 , 7601.89
2482 , 7625.26
2480 , 7646.75
2478 , 7660.85
2477 , 2.31
2476 , 7676.01
2475 , 820.68
2473 , 684.87
2469 , 4587.20
2468 , 6.10
2467 , 50.18
2466 , 8357.69
2462 , 138.26
2456 , 7722.37
2451 , 148.99
2450 , 17322.23
2445 , 118.82
2441 , 7786.16
2440 , 7799.98
2439 , 7801.68
2436 , 21.83
2432 , 86.53
2431 , 163.11
2428 , 7844.21
2427 , 5.82
2426 , 0.17
2425 , 7845.00
2424 , 101.27
2423 , 7846.96
2421 , 1516.53
2420 , 7857.43
2417 , 1.91
2416 , 7863.06
2411 , 8547.94
2410 , 7873.65
2409 , 7853.62
2408 , 3578.35
2405 , 14930.98
2401 , 18.84
2399 , 21264.52
2398 , 13270.46
2397 , 92.45
2396 , 64.94
2394 , 7899.32
2393 , 1881.10
2391 , 1525.11
2390 , 120.11
2388 , 204.40
2381 , 21368.56
2379 , 26.51
2378 , 1.28
2377 , 4644.19
2376 , 3162.20
2375 , 325.06
2374 , 8704.53
2372 , 8672.37
2370 , 15349.94
2369 , 10.00
2368 , 8041.54
2366 , 42.85
2363 , 8059.73
2360 , 3510.73
2358 , 0.06
2357 , 8079.54
2355 , 465.58
2354 , 3.16
2352 , 1827.65
2348 , 8128.17
2346 , 1.13
2345 , 310.97
2343 , 5.43
2342 , 6002.40
2341 , 3.26
2339 , 18.85
2338 , 3.02
2336 , 318.05
2334 , 0.40
2333 , 21557.60
2332 , 21354.37
2331 , 19.68
2329 , 2672.43
2328 , 0.41
2326 , 56.86
2325 , 26.59
2324 , 1.60
2323 , 0.24
2322 , 8195.41
2318 , 416.98
2317 , 47.74
2316 , 20.28
2315 , 766.69
2314 , 0.31
2313 , 2.65
2312 , 18.06
2311 , 18.72
2310 , 8251.59
2309 , 2.65
2308 , 27.60
2306 , 426.09
2305 , 3.52
2304 , 3.49
2303 , 4.33
2301 , 22172.27
2300 , 259.19
2299 , 0.49
2295 , 578.22
2294 , 0.71
2292 , 1.13
2289 , 47.87
2288 , 0.30
2287 , 0.21
2285 , 1.60
2283 , 9002.78
2280 , 1846.62
2279 , 0.47
2277 , 3702.18
2275 , 13724.62
2274 , 9053.70
2271 , 0.05
2270 , 1.04
2269 , 0.03
2268 , 8.20
2263 , 51.87
2262 , 24515.40
2259 , 3.36
2256 , 9597.45
2247 , 0.97
2246 , 2.39
2245 , 146.01
2244 , 130.78
2239 , 4.32
2232 , 14.97
2231 , 0.46
2230 , 4.15
2227 , 0.05
2225 , 1493.38
2223 , 0.01
2222 , 5.26
2220 , 25685.80
2215 , 188.94
2209 , 3601.08
2204 , 39.54
2203 , 1.09
2202 , 21783.82
2200 , 2.39
2199 , 107.20
2198 , 25779.13
2191 , 451.13
2190 , 97.65
2188 , 8663.71
2187 , 852.19
2185 , 1854.19
2183 , 701.74
2182 , 3.66
2176 , 2.06
2175 , 22002.12
2173 , 1.90
2170 , 265.14
2169 , 12.71
2168 , 14.52
2166 , 22013.39
2164 , 28328.22
2163 , 13.19
2162 , 1829.24
2159 , 9501.56
2156 , 121.30
2155 , 4273.98
2153 , 22009.75
2151 , 23010.02
2150 , 8855.62
2146 , 58.28
2145 , 29.87
2143 , 14236.91
2142 , 153.75
2141 , 22911.19
2140 , 45.87
2139 , 8874.38
2138 , 1.63
2136 , 178.73
2135 , 29.31
2133 , 68.85
2126 , 9585.31
2123 , 8923.40
2122 , 28.69
2120 , 9614.77
2119 , 3.07
2116 , 5.79
2114 , 110.64
2107 , 0.32
2104 , 1.14
2103 , 10662.30
2099 , 1546.92
2098 , 9603.93
2097 , 6.67
2096 , 2096.32
2095 , 19.67
2093 , 26220.51
2092 , 12612.35
2089 , 2192.91
2085 , 16613.76
2081 , 1651.06
2080 , 2361.70
2079 , 22577.45
2078 , 134.31
2077 , 381.99
2076 , 22.18
2074 , 46.82
2072 , 10418.38
2071 , 151.21
2069 , 22.89
2067 , 0.02
2064 , 1628.48
2063 , 1627.25
2062 , 9285.41
2059 , 5636.38
2058 , 70.44
2057 , 9308.00
2054 , 15556.47
2053 , 0.13
2052 , 192.68
2051 , 3252.41
2050 , 9338.99
2048 , 2954.86
2047 , 22.92
2045 , 5067.28
2041 , 9357.83
2039 , 831.02
2038 , 11695.59
2034 , 22659.11
2032 , 9397.14
2031 , 0.01
2030 , 51.99
2027 , 9451.64
2026 , 9452.46
2024 , 9467.41
2023 , 7895.71
2022 , 10172.42
2021 , 0.16
2020 , 9401.87
2019 , 1.61
2018 , 5.84
2017 , 1879.38
2016 , 10156.27
2015 , 3383.29
2014 , 9414.57
2011 , 523.77
2005 , 9454.66
2003 , 9487.25
2002 , 3.82
1998 , 8.06
1997 , 24.90
1993 , 9575.31
1991 , 6582.98
1990 , 6583.44
1989 , 9580.25
1987 , 9620.13
1986 , 126.83
1985 , 7475.06
1984 , 40.25
1982 , 27.33
1981 , 23.84
1979 , 0.32
1976 , 175.78
1974 , 195.63
1972 , 82.11
1970 , 3.25
1969 , 2.62
1968 , 5689.84
1967 , 1684.20
1966 , 228.11
1965 , 226.22
1964 , 10342.14
1963 , 4004.62
1962 , 1815.65
1958 , 2.26
1954 , 9751.13
1951 , 9772.41
1950 , 23.42
1949 , 9780.99
1947 , 9782.20
1946 , 1747.69
1944 , 286.09
1940 , 9811.13
1939 , 0.47
1938 , 32.62
1937 , 321.54
1936 , 22.25
1934 , 1260.55
1933 , 0.81
1932 , 306.13
1928 , 1657.49
1926 , 0.33
1925 , 3510.92
1923 , 113.11
1922 , 3.34
1921 , 9903.84
1920 , 9905.86
1919 , 10511.58
1918 , 1972.65
1915 , 190.03
1913 , 371.36
1912 , 23294.35
1911 , 10690.13
1910 , 9929.48
1909 , 71.17
1908 , 26.62
1906 , 10744.41
1905 , 9956.08
1901 , 9982.13
1900 , 9982.18
1898 , 9997.52
1896 , 1.46
1895 , 10022.90
1893 , 2317.09
1891 , 10833.29
1890 , 10074.86
1888 , 0.04
1887 , 10079.02
1886 , 1.06
1885 , 0.29
1884 , 10085.42
1883 , 10088.22
1881 , 10101.28
1879 , 10108.43
1878 , 3630.57
1877 , 1.99
1876 , 11303.82
1875 , 10107.58
1872 , 78.44
1871 , 3700.94
1870 , 236.87
1868 , 24.52
1866 , 18810.75
1865 , 1574.95
1864 , 115.57
1863 , 1.15
1862 , 92.61
1861 , 96.54
1860 , 4.93
1855 , 10209.16
1854 , 278.50
1853 , 18865.71
1850 , 4500.30
1846 , 18.45
1845 , 10255.44
1844 , 319.01
1843 , 18907.66
1841 , 10274.69
1839 , 169.95
1835 , 59.31
1834 , 59.39
1832 , 109.57
1831 , 88.37
1829 , 253.46
1828 , 10325.33
1827 , 246.44
1826 , 0.45
1824 , 3653.26
1820 , 310.68
1818 , 294.38
1817 , 10394.41
1816 , 23686.22
1815 , 7536.58
1814 , 3861.11
1812 , 4135.69
1810 , 1226.42
1809 , 709.38
1808 , 328.31
1806 , 1330.32
1805 , 6118.67
1804 , 23864.74
1803 , 12080.40
1802 , 0.31
1800 , 10452.78
1799 , 3276.17
1798 , 11232.41
1794 , 3287.56
1793 , 23979.36
1792 , 10494.45
1791 , 10508.40
1790 , 10509.27
1789 , 24010.59
1788 , 50.30
1787 , 301.32
1784 , 10539.76
1782 , 11333.00
1780 , 3885.33
1779 , 10566.08
1778 , 1087.26
1777 , 23966.33
1776 , 6538.75
1773 , 0.97
1770 , 24619.49
1769 , 10606.97
1768 , 17.63
1764 , 10634.42
1763 , 71.27
1760 , 2.81
1759 , 817.19
1757 , 10701.39
1756 , 10704.66
1751 , 22.89
1748 , 10735.17
1747 , 10737.93
1746 , 1983.93
1745 , 492.55
1744 , 5205.77
1743 , 10760.39
1742 , 3726.55
1741 , 10775.98
1739 , 231.87
1737 , 3224.33
1732 , 3.41
1731 , 10874.07
1729 , 24170.05
1728 , 254.68
1726 , 10905.87
1725 , 2331.23
1722 , 615.75
1721 , 2800.84
1718 , 1329.63
1714 , 10940.13
1711 , 3279.79
1710 , 11731.51
1708 , 2.17
1707 , 893.14
1706 , 10996.93
1705 , 11801.34
1704 , 14369.76
1701 , 11035.64
1700 , 0.02
1698 , 196.37
1697 , 1.38
1696 , 11046.21
1695 , 0.73
1694 , 2881.66
1693 , 24588.54
1692 , 0.02
1691 , 2.42
1690 , 11087.23
1689 , 11088.10
1688 , 4.21
1687 , 34.30
1685 , 1010.05
1683 , 11110.37
1682 , 1231.61
1680 , 5749.02
1679 , 11114.91
1678 , 15258.20
1676 , 1236.54
1674 , 24679.80
1671 , 0.06
1670 , 116.24
1669 , 128.82
1667 , 3068.63
1666 , 2989.11
1664 , 1358.95
1663 , 1360.85
1660 , 12010.85
1658 , 0.23
1657 , 8283.47
1656 , 167.68
1655 , 0.19
1654 , 23.23
1653 , 1.03
1651 , 0.90
1650 , 18.86
1647 , 3223.88
1646 , 14.85
1645 , 35.16
1644 , 2.98
1642 , 73.94
1641 , 77.52
1639 , 82.74
1637 , 2362.00
1635 , 2797.53
1634 , 4548.96
1633 , 16878.77
1632 , 2.33
1630 , 127.40
1629 , 130.37
1628 , 142.68
1627 , 0.17
1626 , 7.19
1622 , 18.96
1620 , 7.90
1619 , 69.17
1618 , 4860.87
1616 , 95.05
1615 , 1.64
1614 , 11539.18
1609 , 24954.62
1608 , 1.97
1607 , 472.84
1606 , 11565.43
1605 , 8423.43
1604 , 275.40
1601 , 1496.04
1598 , 0.70
1597 , 11591.60
1596 , 11591.69
1595 , 11594.23
1594 , 12373.09
1590 , 0.80
1588 , 45.74
1586 , 45.22
1584 , 73.89
1583 , 98.06
1580 , 3185.55
1578 , 2.76
1577 , 11733.01
1576 , 9945.55
1574 , 4902.71
1572 , 1662.84
1571 , 11759.88
1570 , 25160.85
1568 , 11774.75
1567 , 11775.02
1566 , 14.26
1558 , 10.14
1557 , 2.55
1554 , 61.75
1552 , 25268.72
1548 , 11879.93
1546 , 1.20
1543 , 11927.30
1541 , 11.52
1540 , 12.80
1538 , 76.02
1537 , 414.67
1535 , 1.23
1533 , 12004.18
1531 , 4.22
1528 , 25540.53
1526 , 1.09
1525 , 25453.75
1524 , 4195.52
1523 , 1979.99
1522 , 25580.24
1521 , 1985.40
1520 , 12085.96
1519 , 0.34
1518 , 19.64
1517 , 978.04
1514 , 7249.50
1513 , 2412.40
1511 , 31828.59
1509 , 12133.98
1508 , 10.97
1507 , 12933.09
1504 , 2.26
1503 , 0.22
1501 , 12145.00
1498 , 12042.16
1497 , 17639.83
1494 , 16.16
1493 , 1803.71
1489 , 7772.06
1488 , 31917.56
1487 , 647.70
1485 , 7336.56
1484 , 2.94
1483 , 5314.75
1482 , 2.49
1478 , 12176.87
1477 , 12184.19
1475 , 2.58
1474 , 5971.40
1473 , 25730.61
1472 , 14517.51
1469 , 21.50
1468 , 0.28
1465 , 25774.68
1462 , 2509.57
1461 , 12263.32
1460 , 12265.80
1458 , 25797.27
1457 , 17841.02
1455 , 2532.01
1454 , 2316.40
1451 , 12.86
1449 , 358.03
1448 , 3883.62
1447 , 1.92
1445 , 12312.70
1444 , 2882.84
1441 , 2343.80
1440 , 66.48
1439 , 17922.26
1438 , 25849.90
1437 , 0.35
1434 , 13228.86
1432 , 49.26
1431 , 8136.18
1430 , 209.18
1429 , 291.92
1428 , 3327.05
1427 , 1.10
1426 , 26028.01
1425 , 2970.55
1424 , 138.62
1423 , 12424.66
1422 , 4916.78
1421 , 12427.13
1420 , 153.83
1418 , 0.03
1416 , 1005.41
1415 , 17.08
1413 , 25912.43
1412 , 0.06
1411 , 2140.38
1410 , 3085.40
1408 , 2.09
1407 , 213.18
1406 , 5815.82
1405 , 2.32
1402 , 1554.04
1399 , 2.38
1398 , 5.15
1397 , 6.44
1396 , 5.56
1395 , 12614.80
1394 , 0.03
1393 , 43.19
1392 , 172.49
1391 , 25.55
1390 , 0.93
1389 , 1.37
1387 , 9795.70
1384 , 8207.55
1380 , 0.11
1379 , 26259.07
1377 , 172.88
1375 , 90.17
1374 , 120.49
1373 , 12765.32
1372 , 14213.48
1371 , 3019.36
1370 , 88.53
1369 , 12783.27
1368 , 597.53
1367 , 150.22
1366 , 696.11
1364 , 0.09
1363 , 2840.14
1362 , 12810.81
1361 , 12812.38
1359 , 0.34
1358 , 44.56
1356 , 12807.99
1355 , 2880.43
1354 , 26353.28
1352 , 39.77
1350 , 8.54
1349 , 3101.60
1348 , 92.57
1347 , 92.67
1344 , 1393.26
1342 , 631.87
1340 , 5455.87
1338 , 1275.95
1336 , 12923.87
1334 , 2986.66
1333 , 13866.28
1329 , 852.11
1328 , 1.19
1327 , 872.31
1326 , 10025.73
1325 , 873.66
1324 , 0.89
1323 , 30192.68
1321 , 288.41
1320 , 7.37
1319 , 8.05
1318 , 14.60
1317 , 10.65
1311 , 12996.67
1310 , 37.23
1309 , 37.35
1307 , 3481.92
1304 , 104.87
1303 , 104.99
1302 , 310.00
1300 , 0.32
1298 , 13076.86
1297 , 5068.86
1296 , 3145.98
1295 , 3544.97
1294 , 19.18
1290 , 0.79
1287 , 12.50
1284 , 13190.95
1283 , 401.94
1282 , 14156.89
1281 , 0.17
1280 , 10686.63
1279 , 17.51
1278 , 6543.13
1277 , 71.37
1276 , 13268.28
1275 , 13268.42
1273 , 443.95
1271 , 18915.39
1270 , 20138.24
1269 , 4.00
1268 , 35.32
1267 , 0.03
1266 , 2903.74
1265 , 206.44
1263 , 1.82
1262 , 1.74
1259 , 22.67
1258 , 43.48
1257 , 35.37
1253 , 444.40
1252 , 14893.26
1246 , 9.52
1244 , 30.63
1243 , 14962.59
1242 , 19.55
1241 , 4117.26
1240 , 1751.69
1238 , 36.51
1236 , 131.16
1235 , 1006.11
1234 , 9702.29
1233 , 6192.69
1232 , 654.58
1231 , 660.95
1230 , 27174.11
1228 , 224.24
1227 , 19282.47
1226 , 13668.73
1225 , 22.88
1224 , 2352.60
1222 , 13680.44
1219 , 13699.09
1216 , 13702.33
1215 , 232.39
1214 , 52.76
1213 , 75.47
1211 , 13792.51
1210 , 1607.19
1208 , 13825.67
1206 , 336.74
1205 , 0.80
1201 , 13852.30
1199 , 3932.07
1198 , 13897.29
1197 , 11.25
1195 , 3985.68
1194 , 3998.53
1193 , 3701.29
1192 , 0.08
1191 , 46.16
1189 , 13961.42
1188 , 2708.57
1181 , 150.84
1180 , 46.74
1179 , 0.58
1178 , 1221.54
1176 , 103.93
1174 , 27651.21
1173 , 0.73
1172 , 1194.10
1171 , 5672.63
1170 , 5675.08
1167 , 65.60
1165 , 14165.10
1164 , 6240.01
1162 , 6959.28
1161 , 9799.53
1160 , 9801.04
1158 , 571.04
1157 , 86.67
1156 , 21.54
1151 , 203.51
1149 , 14262.64
1148 , 10.28
1147 , 10062.82
1146 , 8687.95
1144 , 19914.95
1143 , 124.64
1142 , 14284.14
1139 , 0.40
1137 , 4394.14
1134 , 4964.51
1131 , 144.85
1129 , 4512.65
1128 , 383.42
1127 , 0.37
1122 , 16.56
1121 , 15321.13
1119 , 6.36
1118 , 4663.62
1117 , 4656.18
1116 , 1644.52
1113 , 15558.87
1112 , 14628.67
1111 , 176.28
1110 , 193.28
1107 , 5.89
1106 , 14672.60
1103 , 50.00
1101 , 631.30
1097 , 0.83
1090 , 14765.29
1089 , 6.08
1088 , 14772.71
1085 , 0.41
1084 , 28346.36
1083 , 14786.37
1082 , 4860.73
1081 , 4862.48
1080 , 5.42
1079 , 4.34
1078 , 14804.05
1077 , 0.52
1075 , 0.09
1071 , 1.27
1066 , 10435.17
1065 , 0.13
1061 , 52.14
1060 , 15.66
1059 , 14855.04
1056 , 15210.63
1053 , 1955.30
1052 , 6653.06
1050 , 0.24
1049 , 2.34
1046 , 0.06
1045 , 1977.65
1044 , 1977.82
1043 , 0.04
1042 , 10531.76
1040 , 7.29
1039 , 1126.83
1038 , 2005.91
1037 , 2018.08
1035 , 1.31
1034 , 0.13
1033 , 2.67
1029 , 4192.35
1026 , 2.35
1023 , 50.92
1022 , 2279.68
1021 , 28617.90
1020 , 28622.71
1019 , 157.30
1017 , 13370.70
1016 , 8955.37
1015 , 28675.64
1014 , 5151.87
1013 , 100.54
1012 , 3.51
1008 , 798.42
1006 , 15112.01
1005 , 0.99
1004 , 15124.10
1003 , 27640.04
1002 , 15130.21
1000 , 220.47
999 , 11852.06
998 , 28726.48
997 , 10770.48
996 , 15167.15
993 , 15184.71
990 , 8.40
989 , 3.36
988 , 28.05
987 , 534.04
983 , 6624.12
981 , 35085.85
979 , 4.07
978 , 23.83
976 , 55.26
975 , 432.75
973 , 593.43
971 , 94.81
970 , 29.45
969 , 336.16
968 , 19.45
966 , 28961.17
965 , 2210.59
963 , 1488.87
962 , 9195.51
959 , 10921.30
958 , 28889.56
957 , 2384.26
956 , 15335.30
954 , 2390.32
953 , 2434.85
952 , 0.46
951 , 6011.46
950 , 235.01
949 , 2457.03
948 , 47.52
947 , 15433.39
946 , 15434.22
944 , 0.94
939 , 2556.59
938 , 2556.75
937 , 891.38
936 , 114.12
934 , 0.35
932 , 2624.95
931 , 0.14
930 , 0.70
928 , 2626.12
927 , 29137.50
926 , 22443.24
925 , 406.82
924 , 78.45
923 , 0.43
922 , 15579.99
920 , 1.95
918 , 101.43
917 , 109.88
916 , 2858.55
915 , 110.34
913 , 0.28
912 , 51.74
911 , 0.14
910 , 2700.62
909 , 21287.57
908 , 10173.98
906 , 7.17
905 , 6292.05
904 , 15684.80
902 , 5.36
900 , 17234.31
899 , 247.39
898 , 2797.45
897 , 6.33
895 , 526.42
894 , 15773.07
892 , 5869.78
891 , 13.41
890 , 21418.29
888 , 38.77
887 , 15787.74
886 , 2838.80
884 , 1.99
882 , 62.17
881 , 18.24
880 , 1549.85
879 , 58.67
876 , 2863.90
875 , 0.22
874 , 0.05
873 , 330.75
871 , 0.32
869 , 18840.38
867 , 111.23
864 , 29475.30
862 , 179.98
859 , 15936.21
856 , 208.63
854 , 3001.60
852 , 472.77
851 , 0.78
850 , 4204.37
849 , 0.14
847 , 1399.46
845 , 16.66
844 , 16.68
843 , 16004.84
842 , 3057.55
841 , 3057.68
838 , 3061.26
836 , 15408.57
835 , 217.40
834 , 279.79
833 , 20327.81
832 , 1294.40
830 , 48.16
829 , 254.48
828 , 289.96
827 , 1251.21
826 , 6911.04
824 , 6362.59
823 , 312.40
822 , 593.36
821 , 3126.47
820 , 337.78
819 , 620.52
818 , 0.20
816 , 16099.39
815 , 6392.29
814 , 3152.87
813 , 17282.48
812 , 159.98
811 , 365.92
808 , 29792.64
807 , 12822.44
806 , 10012.62
805 , 406.84
803 , 16149.61
802 , 12310.17
801 , 1470.54
800 , 722.59
796 , 16247.61
795 , 6327.03
794 , 94.08
791 , 16.59
790 , 7239.78
789 , 5.89
787 , 1568.16
786 , 241.40
785 , 8262.38
781 , 9.55
780 , 1765.12
779 , 1773.09
777 , 6520.42
776 , 677.05
775 , 9.07
774 , 813.50
773 , 1869.93
771 , 6550.46
770 , 16486.82
769 , 9.57
768 , 3831.35
767 , 0.34
765 , 6581.24
762 , 90.64
759 , 1921.36
757 , 99.35
755 , 686.93
753 , 12232.33
752 , 3964.09
751 , 2348.31
749 , 7582.05
748 , 988.07
746 , 0.33
744 , 16670.59
743 , 2012.36
736 , 7366.58
732 , 17.10
731 , 7390.39
730 , 454.45
729 , 475.19
728 , 4119.24
727 , 6863.66
726 , 8909.96
725 , 3936.06
724 , 16851.06
723 , 1.55
721 , 30576.91
720 , 2261.80
719 , 15018.45
718 , 30616.21
716 , 16965.98
714 , 30672.89
712 , 1939.81
710 , 167.20
699 , 148.76
698 , 3657.94
695 , 103.09
694 , 13315.68
693 , 7790.72
692 , 2500.18
691 , 378.99
687 , 104.76
683 , 1.03
682 , 191.28
681 , 192.24
680 , 3.26
679 , 12.17
678 , 17279.62
677 , 7889.40
676 , 4880.02
669 , 7937.66
667 , 17335.80
666 , 7581.64
665 , 31084.58
662 , 2.16
661 , 10.88
660 , 31121.30
659 , 9612.21
658 , 8072.47
656 , 9214.39
654 , 9108.11
652 , 10971.42
649 , 0.13
646 , 0.13
645 , 0.08
644 , 6768.46
642 , 17586.92
641 , 1964.40
640 , 109.61
637 , 10218.30
632 , 5900.89
631 , 17657.66
629 , 4760.00
626 , 49.37
625 , 230.94
624 , 339.22
623 , 17768.66
620 , 3790.94
619 , 0.94
618 , 13411.22
617 , 516.67
615 , 8426.58
614 , 2.36
613 , 14529.79
612 , 3152.74
611 , 17833.36
610 , 0.61
609 , 32849.63
607 , 13459.91
606 , 8463.88
605 , 49.09
604 , 9774.25
603 , 559.83
601 , 0.01
598 , 265.96
594 , 5350.63
593 , 3700.33
592 , 169.13
591 , 1370.15
590 , 193.87
589 , 1.01
588 , 3.93
587 , 4.43
584 , 8094.00
582 , 4242.11
581 , 45.37
579 , 56.91
578 , 67.92
577 , 5841.32
576 , 5430.86
574 , 275.52
573 , 2689.04
570 , 13715.61
568 , 18111.66
566 , 2.72
563 , 2837.99
561 , 2407.18
559 , 8233.48
557 , 1.14
555 , 31853.24
554 , 0.13
552 , 5.27
550 , 0.47
549 , 12244.88
548 , 58.52
547 , 5632.32
546 , 0.50
544 , 77.54
543 , 0.19
542 , 353.35
536 , 3607.13
535 , 4.66
532 , 1.56
530 , 30.46
529 , 9.93
528 , 10917.94
526 , 49.18
525 , 512.48
524 , 244.66
523 , 48.74
522 , 7039.08
521 , 16409.55
518 , 114.52
517 , 113.41
516 , 18398.33
514 , 160.72
513 , 1.58
512 , 409.26
511 , 4.13
510 , 11236.49
509 , 524.31
507 , 1.50
506 , 0.81
504 , 0.98
501 , 3819.51
500 , 1.93
499 , 4268.88
498 , 1.35
497 , 165.68
496 , 2318.70
495 , 340.37
493 , 159.58
492 , 351.73
491 , 354.12
487 , 12.39
483 , 0.25
479 , 568.77
478 , 16067.77
477 , 12960.79
476 , 4.21
475 , 779.32
474 , 649.63
473 , 10.42
472 , 358.95
471 , 3.96
469 , 1.03
468 , 0.02
467 , 770.65
466 , 32337.50
465 , 19295.24
462 , 15652.88
458 , 33.21
457 , 665.98
454 , 15697.48
453 , 21.10
450 , 6408.32
449 , 97.30
448 , 31.05
447 , 1965.98
446 , 41.00
444 , 1948.01
443 , 1110.96
442 , 69.48
440 , 853.74
439 , 15998.30
438 , 17006.22
437 , 1067.22
436 , 409.83
435 , 30832.63
432 , 4867.03
428 , 9550.75
426 , 16243.83
423 , 38.18
422 , 0.43
420 , 1473.81
416 , 2297.32
415 , 1313.84
411 , 16327.75
410 , 1351.93
409 , 4202.39
408 , 1352.72
407 , 1484.45
406 , 117.14
403 , 144.03
402 , 745.96
400 , 63.38
399 , 7065.31
398 , 5148.23
395 , 222.04
392 , 1571.41
391 , 22.92
390 , 16542.80
387 , 6.86
386 , 1599.15
382 , 763.99
381 , 1661.86
379 , 1453.49
376 , 1642.89
375 , 4766.66
372 , 18713.76
371 , 1650.42
369 , 1058.72
368 , 1489.05
364 , 1533.50
363 , 622.36
362 , 15876.00
361 , 523.10
359 , 313.48
357 , 11571.59
355 , 1932.68
354 , 2050.65
353 , 2078.73
351 , 2083.30
349 , 2224.36
347 , 652.63
346 , 1983.75
345 , 1146.83
344 , 4799.98
343 , 2024.26
342 , 2033.70
341 , 21794.65
338 , 7.54
337 , 2209.28
335 , 33911.37
334 , 33911.78
332 , 17176.90
330 , 2473.61
329 , 1365.26
328 , 132.61
327 , 10586.42
326 , 187.65
325 , 1601.45
324 , 5877.46
323 , 1607.21
320 , 2358.23
317 , 14564.82
316 , 343.79
314 , 8056.70
312 , 2468.91
311 , 14045.99
310 , 8105.06
309 , 2615.58
308 , 17475.59
307 , 3840.70
306 , 1182.16
305 , 13.34
302 , 1639.48
301 , 4520.01
300 , 2654.29
297 , 2750.23
296 , 2577.87
294 , 2.77
291 , 1871.39
290 , 2811.77
289 , 2814.07
288 , 13632.09
287 , 1296.80
283 , 2978.99
282 , 34564.35
281 , 6657.92
279 , 0.35
278 , 13681.30
277 , 2864.32
276 , 6382.14
275 , 26652.64
274 , 2882.45
273 , 3.91
271 , 0.47
267 , 1683.98
266 , 5906.52
262 , 8521.37
261 , 101.40
258 , 5.84
256 , 2386.02
255 , 73.44
254 , 78.25
252 , 13389.49
251 , 6757.95
250 , 471.82
249 , 5.58
244 , 18226.13
243 , 3402.82
242 , 4440.86
240 , 4.87
239 , 3485.85
237 , 3525.12
236 , 11.76
234 , 1240.83
232 , 3605.89
229 , 3516.37
228 , 32.73
227 , 6025.18
226 , 2874.62
224 , 3614.19
220 , 808.76
219 , 1273.95
218 , 4889.98
217 , 3093.14
216 , 4933.38
215 , 3903.60
214 , 3953.65
213 , 4974.14
212 , 4974.75
211 , 3944.85
210 , 4977.77
209 , 6915.38
208 , 12189.59
207 , 692.27
206 , 496.77
205 , 11.04
204 , 1511.23
202 , 7306.82
199 , 4491.91
198 , 3751.52
196 , 21.81
195 , 1273.38
190 , 66.22
189 , 8454.08
188 , 4775.61
187 , 15095.32
186 , 14721.08
185 , 8141.57
184 , 4686.21
183 , 40293.93
181 , 15539.38
180 , 76.28
179 , 614.61
178 , 614.58
177 , 4748.90
176 , 4748.91
175 , 638.36
174 , 647.74
173 , 3089.44
172 , 19679.63
171 , 11846.54
170 , 4836.82
169 , 16461.15
168 , 1855.00
167 , 10734.51
166 , 728.20
164 , 5007.74
163 , 42.73
162 , 2.48
161 , 2187.00
160 , 6072.99
159 , 6.13
158 , 6.37
157 , 8.37
156 , 15.67
155 , 1619.88
154 , 21.96
149 , 19.06
147 , 4966.11
141 , 11.07
140 , 15813.59
136 , 121.93
135 , 5006.40
134 , 0.15
133 , 42036.24
132 , 2.65
131 , 2333.60
130 , 15.81
129 , 4422.87
127 , 4908.80
125 , 6541.64
122 , 28.16
121 , 28.01
119 , 27.85
118 , 28.76
117 , 2129.78
116 , 557.16
114 , 5079.48
111 , 8.86
110 , 6005.12
109 , 2126.71
107 , 8934.28
105 , 42.19
103 , 10345.50
102 , 10353.19
101 , 8943.61
100 , 0.14
99 , 36779.35
97 , 5001.20
95 , 5002.18
93 , 5155.10
92 , 4368.23
91 , 5.84
90 , 6.04
89 , 5301.24
88 , 5016.36
87 , 5016.43
86 , 7.18
85 , 5160.35
84 , 10389.01
83 , 0.70
79 , 95.65
76 , 8651.21
74 , 5.07
73 , 5029.36
72 , 5175.29
71 , 1878.29
70 , 5178.12
69 , 10406.99
67 , 1.43
64 , 8666.88
62 , 5195.11
61 , 7620.67
60 , 5259.43
58 , 4257.27
57 , 6.12
56 , 5052.02
54 , 0.08
52 , 12.70
51 , 10426.53
49 , 13.51
48 , 10430.01
47 , 5060.25
46 , 174.31
45 , 639.28
43 , 20.04
42 , 2.11
41 , 30.77
40 , 4935.96
38 , 5205.65
37 , 5062.65
36 , 21.83
35 , 33.89
32 , 5209.22
31 , 5065.95
29 , 2445.37
28 , 12235.61
26 , 0.07
25 , 3264.88
24 , 20070.26
23 , 5192.74
22 , 31.29
21 , 2232.65
20 , 5353.09
19 , 1.96
18 , 23372.28
17 , 4272.44
16 , 5067.51
15 , 70.65
14 , 6216.14
13 , 2232.95
11 , 5211.05
8 , 5044.18
6 , 14929.07
5 , 8.89
4 , 59.77
3 , 2262.95
2 , 7640.24
